visit_window,deep_batch,company,tier,customer_type,deep_rank,region,confidence,verified_or_inferred_facts,matched_huasue_products,why_it_matters,main_risk,next_action,website,email,phone,address,sources
2026-07-14 to 2026-07-23,P0 offsite priority batch2,Ani Sup Utara,T0,外卖热汤/麻辣烫/火锅/餐饮连锁,A 直接电话+可约总部/中央厨房,Shah Alam / Selangor,HIGH,[KNOWN] 官网介绍：2003年7月1日在 Plaza Alam Sentral Shah Alam 开始；以汤品为核心；有 Shah Alam 中央厨房；官网列出约36家餐厅并有扩张到100家目标。,单向止回阀热汤盖/碗；PP热汤外卖容器；防漏盖；门店试用包。,热汤就是核心品类，且有中央厨房和多门店，最适合用“爆盖/漏汤/缠膜无效”问题切入。,需要确认他们外卖热汤目前用的容器规格、是否中央采购、是否可做单店试用。,先打总部/门店电话，要运营或采购负责人 WhatsApp；约 booth 2709 或 Shah Alam 中央厨房拜访。,https://anisuputara.com.my/,,,,https://anisuputara.com.my/about-us/ | foodpanda outlet pages
2026-07-14 to 2026-07-23,P0 offsite priority batch2,Mala Mini Hotpot / MMHP,T0,外卖热汤/麻辣烫/火锅/餐饮连锁,A 直接去门店观察+电话总部,KL / Putrajaya / Seri Kembangan,HIGH,[KNOWN] 官网列出 IOI City Mall、Mid Valley、Pavilion Bukit Bintang 等门店；联系页/门店页显示 Seri Kembangan 办公/门店信息和 +60 14-635 3413。,单向止回阀热汤盖/碗；麻辣烫/小火锅外卖容器；高温防爆盖。,门店在你展会期间容易顺路实地看包装，麻辣热汤天然适配排气阀方案。,可能堂食为主；外卖汤底是否热装、是否中央采购要确认。,先到 Pavilion/Mid Valley 门店看现用容器，拍规格；再电话找总部采购/运营。,https://malaminihotpot.com/,,+60 14-635 3413 / contact form,,https://malaminihotpot.com/find-outlet/ | https://malaminihotpot.com/express-outlet/
2026-07-14 to 2026-07-23,P0 offsite priority batch2,OPPA Steamboat,T0,外卖热汤/麻辣烫/火锅/餐饮连锁,A 电话优先，适合排气阀样品测试,Kuchai Lama / Kuala Lumpur,HIGH,[KNOWN] 官网称专注 online ordering and delivery；关于页称 Malaysia’s First Korean Steamboat Delivery；公司 My Oppa Foods Sdn Bhd，地址在 Kuchai Lama；电话 017-2927519。,单向止回阀热汤盖/碗；火锅汤底外卖套装；PP高温防漏盖。,这家不是普通餐厅，是外卖火锅/韩式锅路线，产品痛点非常直接。,可能配送冷藏食材+客户自煮，不一定大量热汤热装；要确认“热汤即食外卖”比例。,WhatsApp/电话问：是否有热汤即食配送、现在是否用缠膜、是否愿意测试防爆盖样品。,https://www.oppasteamboat.com/,,,,https://www.oppasteamboat.com/ | https://www.oppasteamboat.com/about_us | https://www.oppasteamboat.com/index.php?route=information%2Fcontact
2026-07-14 to 2026-07-23,P0 offsite priority batch2,Siong Ben Soup House,T0,外卖热汤/麻辣烫/火锅/餐饮连锁,A 门店/WhatsApp直接测试,Bandar Sri Menjalara / KL,HIGH,[KNOWN] 官网定位 Chinese soup restaurant；提供 food delivery；官网列出地址、+6017-6808183、info@sbsoup.com 和 WhatsApp 链接。,单向止回阀热汤盖/碗；汤品外卖防漏容器。,单店/少店也值得测试，因为汤品痛点极强，适合作为马来西亚案例样板。,规模可能小，不一定能消耗大批量；除非愿意成为样板或引荐同行。,直接 WhatsApp，用“热汤外卖盖子不会被蒸汽顶开”一句话测试兴趣。,https://www.sbsoup.com/,,info@sbsoup.com / +6017-680 8183,,https://www.sbsoup.com/ | https://siongbensouphouse.beepit.com/
2026-07-14 to 2026-07-23,P0 offsite priority batch2,Amelisa Pet & Co.,T0,宠物食品/用品/冻干/营养品,B 先社媒/WhatsApp验证销量和包装权,Malaysia / online,MED,[INFERRED] 现有名单将其归为宠物食品/冻干/营养品方向；需进一步核实是否为自有品牌、是否有冻干/零食/营养补充剂SKU。,F PET小罐；T/J小桶；宠物冻干、营养补充剂、洁齿零食、礼盒组合。,宠物零食/营养品可走高毛利小罐和桶装，和你客户“小白牙”案例逻辑一致。,若只是零售店或代理进口品牌，包装采购权弱；若主销袋装主粮，也不优先。,先找 Instagram/Facebook/Shopee/Lazada 热卖SKU，确认是否自有品牌和是否有采购/品牌负责人。,Shopee/Lazada + Alpha Pets listing,,,,Shopee/Lazada + Alpha Pets listing
2026-07-14 to 2026-07-23,P0 offsite priority batch2,Barkery Oven,T0,宠物食品/用品/冻干/营养品,B 先社媒/WhatsApp验证销量和包装权,Malaysia / online,MED,[INFERRED] 现有名单将其归为宠物食品/冻干/营养品方向；需进一步核实是否为自有品牌、是否有冻干/零食/营养补充剂SKU。,F PET小罐；T/J小桶；宠物冻干、营养补充剂、洁齿零食、礼盒组合。,宠物零食/营养品可走高毛利小罐和桶装，和你客户“小白牙”案例逻辑一致。,若只是零售店或代理进口品牌，包装采购权弱；若主销袋装主粮，也不优先。,先找 Instagram/Facebook/Shopee/Lazada 热卖SKU，确认是否自有品牌和是否有采购/品牌负责人。,https://www.barkeryoven.com/,,,,https://www.barkeryoven.com/
2026-07-14 to 2026-07-23,P0 offsite priority batch2,Belive Petscare,T0,宠物食品/用品/冻干/营养品,B 先社媒/WhatsApp验证销量和包装权,Malaysia / online,MED,[INFERRED] 现有名单将其归为宠物食品/冻干/营养品方向；需进一步核实是否为自有品牌、是否有冻干/零食/营养补充剂SKU。,F PET小罐；T/J小桶；宠物冻干、营养补充剂、洁齿零食、礼盒组合。,宠物零食/营养品可走高毛利小罐和桶装，和你客户“小白牙”案例逻辑一致。,若只是零售店或代理进口品牌，包装采购权弱；若主销袋装主粮，也不优先。,先找 Instagram/Facebook/Shopee/Lazada 热卖SKU，确认是否自有品牌和是否有采购/品牌负责人。,https://belivepetscare.com.my/,,,,https://belivepetscare.com.my/
2026-07-14 to 2026-07-23,P0 offsite priority batch2,Muttstore,T0,宠物食品/用品/冻干/营养品,B 先社媒/WhatsApp验证销量和包装权,Malaysia / online,MED,[INFERRED] 现有名单将其归为宠物食品/冻干/营养品方向；需进一步核实是否为自有品牌、是否有冻干/零食/营养补充剂SKU。,F PET小罐；T/J小桶；宠物冻干、营养补充剂、洁齿零食、礼盒组合。,宠物零食/营养品可走高毛利小罐和桶装，和你客户“小白牙”案例逻辑一致。,若只是零售店或代理进口品牌，包装采购权弱；若主销袋装主粮，也不优先。,先找 Instagram/Facebook/Shopee/Lazada 热卖SKU，确认是否自有品牌和是否有采购/品牌负责人。,https://muttstore.my/,,,,https://muttstore.my/
2026-07-14 to 2026-07-23,P0 offsite priority batch2,Notti Pet Food,T0,宠物食品/用品/冻干/营养品,A 适合宠物冻干小罐方案,Online / Malaysia,HIGH,[KNOWN] 官网称 The First Slow-Baked Kibble in Malaysia，并销售 freeze-dried treats and supplements；产品页有 allergy care、marine omega、protein booster、freeze-dried cubes 等。,F PET小罐；T/J小桶；冻干零食/营养补充剂罐；透明展示包装。,和你发的小白牙宠物营养桶逻辑最像，适合用“高端宠物营养品罐装升级”切入。,部分产品标注 formulated in Malaysia / produced in China，要确认包装采购权在马来西亚还是中国供应链。,先社媒/官网找品牌负责人，话术围绕冻干 cube、supplement jar、sample tub。,https://nottipetfood.com/,,,,https://nottipetfood.com/ | https://nottipetfood.com/collections/dog-treats | Petsmore NOTTI product pages
2026-07-14 to 2026-07-23,P0 offsite priority batch2,Paw-cipes,T0,宠物食品/用品/冻干/营养品,A 适合宠物冻干/猫条包装升级,Online / Malaysia,HIGH,[KNOWN] 官网称 Malaysian Voted #1 Healthiest Treat Brand；产品页显示 freeze dried treat、targeted wellness support、Paw-Stix wet treat 等。,F PET小罐；T/J小桶；冻干零食罐；猫条/湿粮外采软包另列。,冻干、湿零食、健康定位都适合做高端包装展示，不是普通宠物店。,湿猫条偏软包；注塑包装更适合冻干和礼盒/组合装。,WhatsApp/Instagram开发：问 freeze-dried treat 是否计划推出 jar/tub 版或礼盒组合。,https://pawcipes.my/,,,,https://pawcipes.my/ | https://pawcipes.my/collections/all | https://vulcanpost.com/882365/paw-cipes-malaysia-pet-food-freeze-dried-treats/
2026-07-14 to 2026-07-23,P0 offsite priority batch2,Pet World Nutritions Sdn Bhd,T0,宠物食品/用品/冻干/营养品,A 重点电话找采购/包装开发,Shah Alam / Selangor,HIGH,[KNOWN] ProDiet 页面称 Pet World International 是 largest domestic pet food producer；联系页列出 Pet World Nutritions Sdn Bhd、Shah Alam 地址、export@petworld.com.my 和 sales@petworld.com.my。,T/J桶盒；宠物营养品/冻干/零食小罐；F PET罐；IML贴标桶。,大规模宠物食品公司，若有零食/营养品新品线，包装切入价值高。,主粮可能走袋装自动线，注塑包装只适合高毛利零食/补充剂，不要用主粮切入。,电话找 export/procurement/R&D，问是否有 freeze-dried treats、supplement tubs、sample jar 项目。,https://www.petworld.com.my/,,,,https://www.prodiet.com.my/about-us/ | https://www.prodiet.com.my/contact-us/ | https://www.petworld.com.my/brands/
2026-07-14 to 2026-07-23,P0 offsite priority batch2,PledgeCare,T0,宠物食品/用品/冻干/营养品,B 先问新品方向，不建议直接上门,Shah Alam / Selangor,HIGH,[KNOWN] 官网销售 premium healthy pet food；产品含 air-dried、oven-baked、cooked meals；页面称 locally made in Shah Alam。,T/J或F罐用于高端零食、试吃装、sample pack；主粮仍可能是袋装。,品牌力较强，但主食包装未必适配注塑；需要找零食/试吃/礼盒项目。,日常主粮更适合软包，注塑需求不稳定。,电话/社媒问是否有 treat jar、starter kit、sample tub、subscription gift packaging。,https://pledgecare.org/,,,,https://pledgecare.org/ | https://pledgecare.org/dogs/full-meals/ | https://pledgecare.org/product/air-dried-dog-food/chicken-recipe-dogs/
2026-07-14 to 2026-07-23,P0 offsite priority batch2,Quan Dog Treats,T0,宠物食品/用品/冻干/营养品,B 先社媒/WhatsApp验证销量和包装权,Malaysia / online,MED,[INFERRED] 现有名单将其归为宠物食品/冻干/营养品方向；需进一步核实是否为自有品牌、是否有冻干/零食/营养补充剂SKU。,F PET小罐；T/J小桶；宠物冻干、营养补充剂、洁齿零食、礼盒组合。,宠物零食/营养品可走高毛利小罐和桶装，和你客户“小白牙”案例逻辑一致。,若只是零售店或代理进口品牌，包装采购权弱；若主销袋装主粮，也不优先。,先找 Instagram/Facebook/Shopee/Lazada 热卖SKU，确认是否自有品牌和是否有采购/品牌负责人。,https://www.quandogtreats.com/,,,,https://www.quandogtreats.com/
2026-07-14 to 2026-07-23,P0 offsite priority batch2,Streetpaw,T0,宠物食品/用品/冻干/营养品,B 先社媒/WhatsApp验证销量和包装权,Malaysia / online,MED,[INFERRED] 现有名单将其归为宠物食品/冻干/营养品方向；需进一步核实是否为自有品牌、是否有冻干/零食/营养补充剂SKU。,F PET小罐；T/J小桶；宠物冻干、营养补充剂、洁齿零食、礼盒组合。,宠物零食/营养品可走高毛利小罐和桶装，和你客户“小白牙”案例逻辑一致。,若只是零售店或代理进口品牌，包装采购权弱；若主销袋装主粮，也不优先。,先找 Instagram/Facebook/Shopee/Lazada 热卖SKU，确认是否自有品牌和是否有采购/品牌负责人。,https://streetpaw.com/,,,,https://streetpaw.com/
2026-07-14 to 2026-07-23,P0 offsite priority batch2,AS Teng Teng Trading Sdn Bhd,T0,巧克力/糖果/甜品制造,A 北马路线电话确认后跑,Alor Setar / Kedah,HIGH,[KNOWN] 官网显示 AS Teng Teng 是 ice pop manufacturer；about页称2002年成立，位于 Northern West Malaysia；联系页有 Alor Setar 地址和 +604-7311020。,T/J桶盒；E透明盒；F罐；威化卷/椰子卷/果冻/糖果节日装。,有威化/饼干/糖果制造信号，比单纯饮料更适合你。,Ice pop/饮料可能不是注塑包装目标，要问 wafer roll/coconut crispy roll 是否有礼盒/罐装SKU。,电话找销售或采购，问 wafer roll/coconut crispy roll 是否有出口/节日包装升级。,,,,,https://astt.com.my/ | https://astt.com.my/about/ | https://astt.com.my/contact/
2026-07-14 to 2026-07-23,P0 offsite priority batch2,Desa Southern Food Products Sdn Bhd,T0,巧克力/糖果/甜品制造,B 先电话找包装/销售负责人,Malaysia,MED,[INFERRED] 现有名单归为巧克力/糖果/甜品制造；需核实是否有零售装、礼盒、出口或OEM业务。,E PET透明盒；F PET罐；T/J小桶盒；巧克力/糖果礼盒和样品装。,巧克力糖果适合透明展示、礼盒和样品罐，但工业原料厂要谨慎。,若是工业原料或软包糖果，注塑包装只能切样品/礼盒。,电话问是否有 retail pack、corporate gift、OEM/private label 包装项目。,https://desasouthern.com/,,,,https://desasouthern.com/
2026-07-14 to 2026-07-23,P0 offsite priority batch2,Fonfood Industries Sdn Bhd / K.Rogers,T0,巧克力/糖果/甜品制造,B 先电话找包装/销售负责人,Malaysia,MED,[INFERRED] 现有名单归为巧克力/糖果/甜品制造；需核实是否有零售装、礼盒、出口或OEM业务。,E PET透明盒；F PET罐；T/J小桶盒；巧克力/糖果礼盒和样品装。,巧克力糖果适合透明展示、礼盒和样品罐，但工业原料厂要谨慎。,若是工业原料或软包糖果，注塑包装只能切样品/礼盒。,电话问是否有 retail pack、corporate gift、OEM/private label 包装项目。,https://www.krogers.com.my/,,,,https://www.krogers.com.my/
2026-07-14 to 2026-07-23,P0 offsite priority batch2,Foodvest Industries (M) Sdn Bhd,T0,巧克力/糖果/甜品制造,B Penang路线先电话,Butterworth / Penang,HIGH,"[KNOWN] 官网公司页称制造 premium food products，包括 desserts, jelly, pudding, flavored drinks, nuts & snacks；联系页列 Mak Mandin Industrial Estate 和 +60 4-3332289。",F PET罐；E透明盒；T小桶；nuts/snacks/pudding promo packs。,品类广，有 nuts/snacks/dessert 信号，适合找新品包装而非替换饮料线。,果冻/饮料/布丁可能已有专用产线，不一定能换注塑包装。,电话问 nuts/snacks 或 premium dessert 是否有 jar/tub/promo pack 需求。,,,,,https://www.foodvest.com/company | https://www.foodvest.com/contact | MATRADE exporter directory
2026-07-14 to 2026-07-23,P0 offsite priority batch2,Hoe Heng Biscuits Confectionery Factory Sdn Bhd,T0,巧克力/糖果/甜品制造,A Johor/Muar电话确认后跑,Muar / Johor,HIGH,[KNOWN] 官网称1964年在 Muar 建立；1980年扩厂；产品有多口味饼干和 festive cookies；出口海外并承接 OEM；有 Halal 与 MeSTI。,T/J饼干桶盒；E透明展示盒；C展示盘；节日装/出口防碎包装。,老牌饼干厂+节日曲奇+OEM+出口，和你T/J/E切入高度一致。,负责人邮箱是 yahoo，可能沟通效率低；需电话拿采购/老板 WhatsApp。,电话：问 festive cookies/OEM出口客户是否需要透明盒、桶装或防盗盒样品。,,,,,http://hoehengbiscuits.com/about.html | http://hoehengbiscuits.com/contact.html
2026-07-14 to 2026-07-23,P0 offsite priority batch2,Juta Food Industries (M) Sdn Bhd,T0,巧克力/糖果/甜品制造,A Melaka路线电话确认后跑,Melaka,HIGH,[KNOWN] 官网称 Juta Food/Zen Zen 从1985/1987起发展，产品为 peanuts、snacks、cookies；提供 retail packaging、private label、wholesale packaging、contract manufacturing，Halal。,F PET罐；T/J坚果桶；E透明盒；零食促销装。,坚果/零食/私标/合同制造非常适合给客户提供包装方案。,若主力是软包花生，注塑只能切高端罐装/礼盒/试吃装。,电话找 private label/OEM负责人，约看罐装坚果和透明展示盒方案。,,,,,https://jutafood.com.my/about-us/ | https://jutafood.com.my/our-product/
2026-07-14 to 2026-07-23,P0 offsite priority batch2,Meng Choon Food Industries Sdn Bhd,T0,巧克力/糖果/甜品制造,A Muar路线重点,Muar / Johor,HIGH,[KNOWN] 官网称1978起家，2005升级制造商；产品包括 cookies、pastries、festive favourites；出口新加坡、印尼、泰国、文莱、香港、台湾、中东、中国；联系页有 +606-9516089 / +6012-6379955。,T/J节日曲奇桶盒；E透明盒；礼盒/出口防碎包装。,节日产品+出口市场+百余种产品，适合推包装升级和出口差异化。,传统糕点可能已有纸盒/袋装；需要针对 festive cookies 和 gift packs。,WhatsApp +6012-6379955，问节日装/出口装负责人是否可约样品会。,,,,,https://www.mengchoonfood.com.my/about-meng-choon/ | https://www.mengchoonfood.com.my/contact-meng-choon/
2026-07-14 to 2026-07-23,P0 offsite priority batch2,Nice Victory Sdn Bhd / Nice Cocoa,T0,巧克力/糖果/甜品制造,B 巧克力原料方向，先问零售/样品,Skudai / Johor,HIGH,[KNOWN] 官网称 Chocolate Manufacturer Johor Bahru；马来西亚可可局目录列产品为 liquid chocolate、buttons、chips、vermicelli、chunks，电话 +607-5111833。,F PET罐；E透明盒；烘焙巧克力配料样品罐/零售罐。,巧克力原料厂不是最终零食包装厂，但配料样品、零售巧克力豆可能适配。,工业B2B包装可能以袋/桶为主，不一定需要精美小包装。,电话问是否有 retail/OEM/private label chocolate chips jars。,https://www.nicecocoa.com/usr/contactus.aspx?pgid=5,,,,https://www.nicecocoa.com/ | https://www.nicecocoa.com/usr/contactus.aspx?pgid=5 | https://www.koko.gov.my/doc/en/directory-industry/
2026-07-14 to 2026-07-23,P0 offsite priority batch2,SOHO Food Industries Sdn Bhd,T0,巧克力/糖果/甜品制造,B 先电话验证包装使用场景,Malaysia,MED,[KNOWN] 官网称专注 compound chocolate、chocolate chips、breadcrumbs；Newpages/官网显示2016年成立。,E/F用于巧克力配料样品罐、烘焙原料透明罐；T小桶。,巧克力配料和烘焙原料有B2B包装机会，但不一定是消费者包装。,工业配料大概率袋装/箱装，注塑包装只适合样品、零售小包装。,电话问是否做 retail chocolate chips / baking ingredient jars 或 private label。,,,,,https://www.sohofood.asia/ | https://www.sohofood.asia/ourproducts/cid/0/cat/view-all/
2026-07-14 to 2026-07-23,P0 offsite priority batch2,Trans World Confectionery Sdn Bhd,T0,巧克力/糖果/甜品制造,B 先电话，不建议盲跑,Senai / Johor,MED,[KNOWN] EMIS/目录显示1989年成立，位于 Senai，糖果/巧克力制造；2022员工约21；2024收入大幅下降信号；Panjiva 有 HS17/HS18 贸易记录。,E/F巧克力/糖果透明包装；T小桶；样品罐。,品类适配，但财务和规模信号不如其他T0，需要先验证是否仍活跃。,收入下滑/官网弱，可能不值得优先跑。,电话确认是否仍生产、是否有出口/新包装项目；无明确兴趣则降级。,,,,,https://www.emis.com/php/company-profile/MY/Trans_World_Confectionery_Sdn_Bhd_en_4186466.html | MATRADE directory | Panjiva listing
2026-07-14 to 2026-07-23,P0 offsite priority batch2,United Confectionery Sdn Bhd,T0,巧克力/糖果/甜品制造,B 先电话找包装/销售负责人,Malaysia,MED,[INFERRED] 现有名单归为巧克力/糖果/甜品制造；需核实是否有零售装、礼盒、出口或OEM业务。,E PET透明盒；F PET罐；T/J小桶盒；巧克力/糖果礼盒和样品装。,巧克力糖果适合透明展示、礼盒和样品罐，但工业原料厂要谨慎。,若是工业原料或软包糖果，注塑包装只能切样品/礼盒。,电话问是否有 retail pack、corporate gift、OEM/private label 包装项目。,https://www.unitedconfectionery.com/,,,,https://www.unitedconfectionery.com/
2026-07-14 to 2026-07-23,P0 offsite priority batch2,Win Win Food Industries Sdn Bhd,T0,巧克力/糖果/甜品制造,B 先电话找包装/销售负责人,Malaysia,MED,[INFERRED] 现有名单归为巧克力/糖果/甜品制造；需核实是否有零售装、礼盒、出口或OEM业务。,E PET透明盒；F PET罐；T/J小桶盒；巧克力/糖果礼盒和样品装。,巧克力糖果适合透明展示、礼盒和样品罐，但工业原料厂要谨慎。,若是工业原料或软包糖果，注塑包装只能切样品/礼盒。,电话问是否有 retail pack、corporate gift、OEM/private label 包装项目。,https://win2food.com/,enquiry@win2food.com,+65 6352 8918,,https://win2food.com/
2026-07-14 to 2026-07-23,P0 offsite priority batch2,Julie's,T0,烘焙/饼干/曲奇/糕点,B 先电话确认节日装/OEM/出口,Malaysia,MED,[INFERRED] 现有名单归为饼干/曲奇/糕点制造；需二次核实官网产品、工厂规模、出口或OEM信号。,T/J曲奇桶盒；E透明盒；C蛋糕展示盘；节日装/防碎内托。,烘焙饼干类是HUASUE当前最成熟的直连客户群。,若只是小店或软包/纸盒为主，MOQ和运输成本可能不匹配。,电话问采购/包装开发，重点问 festive cookies、export gift pack、private label packaging。,,enquiry@julies.com.my,,,To verify official website
2026-07-14 to 2026-07-23,P0 offsite priority batch2,Julie’s Manufacturing Sdn Bhd,T0,烘焙/饼干/曲奇/糕点,B 先电话确认节日装/OEM/出口,Malaysia,MED,[INFERRED] 现有名单归为饼干/曲奇/糕点制造；需二次核实官网产品、工厂规模、出口或OEM信号。,T/J曲奇桶盒；E透明盒；C蛋糕展示盘；节日装/防碎内托。,烘焙饼干类是HUASUE当前最成熟的直连客户群。,若只是小店或软包/纸盒为主，MOQ和运输成本可能不匹配。,电话问采购/包装开发，重点问 festive cookies、export gift pack、private label packaging。,https://www.julies.com.my/,,,,https://www.julies.com.my/
2026-07-14 to 2026-07-23,P0 offsite priority batch2,Noraini Cookies Worldwide,T0,烘焙/饼干/曲奇/糕点,B 先电话确认节日装/OEM/出口,Malaysia,MED,[INFERRED] 现有名单归为饼干/曲奇/糕点制造；需二次核实官网产品、工厂规模、出口或OEM信号。,T/J曲奇桶盒；E透明盒；C蛋糕展示盘；节日装/防碎内托。,烘焙饼干类是HUASUE当前最成熟的直连客户群。,若只是小店或软包/纸盒为主，MOQ和运输成本可能不匹配。,电话问采购/包装开发，重点问 festive cookies、export gift pack、private label packaging。,https://norainicookies.com/,,,,https://norainicookies.com/
2026-07-14 to 2026-07-23,P0 offsite priority batch2,Popolo Groups (M) Sdn Bhd,T0,烘焙/饼干/曲奇/糕点,B 先电话确认节日装/OEM/出口,Malaysia,MED,[INFERRED] 现有名单归为饼干/曲奇/糕点制造；需二次核实官网产品、工厂规模、出口或OEM信号。,T/J曲奇桶盒；E透明盒；C蛋糕展示盘；节日装/防碎内托。,烘焙饼干类是HUASUE当前最成熟的直连客户群。,若只是小店或软包/纸盒为主，MOQ和运输成本可能不匹配。,电话问采购/包装开发，重点问 festive cookies、export gift pack、private label packaging。,https://welcome.popologroups.com/en/about-us,,,,https://welcome.popologroups.com/en/about-us
2026-07-14 to 2026-07-23,P0 offsite priority batch2,Tatawa Industries (M) Sdn Bhd,T0,烘焙/饼干/曲奇/糕点,B 先电话确认节日装/OEM/出口,Malaysia,MED,[INFERRED] 现有名单归为饼干/曲奇/糕点制造；需二次核实官网产品、工厂规模、出口或OEM信号。,T/J曲奇桶盒；E透明盒；C蛋糕展示盘；节日装/防碎内托。,烘焙饼干类是HUASUE当前最成熟的直连客户群。,若只是小店或软包/纸盒为主，MOQ和运输成本可能不匹配。,电话问采购/包装开发，重点问 festive cookies、export gift pack、private label packaging。,https://www.tatawa.com.my/,,,,https://www.tatawa.com.my/
2026-07-14 to 2026-07-23,P0 offsite priority batch2,The Cookies Factory Sdn Bhd,T0,烘焙/饼干/曲奇/糕点,B 先电话确认节日装/OEM/出口,Malaysia,MED,[INFERRED] 现有名单归为饼干/曲奇/糕点制造；需二次核实官网产品、工厂规模、出口或OEM信号。,T/J曲奇桶盒；E透明盒；C蛋糕展示盘；节日装/防碎内托。,烘焙饼干类是HUASUE当前最成熟的直连客户群。,若只是小店或软包/纸盒为主，MOQ和运输成本可能不匹配。,电话问采购/包装开发，重点问 festive cookies、export gift pack、private label packaging。,https://thecookiesfactory.com/,,+6012 722... WhatsApp from public social snippet,,https://thecookiesfactory.com/
2026-07-14 to 2026-07-23,P0 offsite priority batch2,WCS Food Industries (M) Sdn Bhd / Popolo Groups,T0,烘焙/饼干/曲奇/糕点,B 先电话确认节日装/OEM/出口,Malaysia,MED,[INFERRED] 现有名单归为饼干/曲奇/糕点制造；需二次核实官网产品、工厂规模、出口或OEM信号。,T/J曲奇桶盒；E透明盒；C蛋糕展示盘；节日装/防碎内托。,烘焙饼干类是HUASUE当前最成熟的直连客户群。,若只是小店或软包/纸盒为主，MOQ和运输成本可能不匹配。,电话问采购/包装开发，重点问 festive cookies、export gift pack、private label packaging。,https://welcome.popologroups.com/en/about-us,,,,https://welcome.popologroups.com/en/about-us
2026-07-14 to 2026-07-23,P0 offsite priority batch2,G&R Foods Sdn Bhd,T0,零食/坚果/休闲食品,B 先电话确认罐装/礼盒项目,Malaysia,MED,[INFERRED] 现有名单归为零食/坚果/休闲食品；需核实是否制造商及是否做私标/出口。,F PET罐；T/J坚果桶；E透明盒；促销组合装。,坚果/零食更容易做罐装、礼盒和促销包。,如果全部走软包自动线，短期难进入。,电话问是否有 premium jar、festival pack、private label project。,https://www.gulfood.com/exhibitors/g-r-foods-sdn-bhd,,,,https://www.gulfood.com/exhibitors/g-r-foods-sdn-bhd
2026-07-14 to 2026-07-23,P0 offsite priority batch2,Sun Thai Food / Sun Center Kitchen,T0/T1,外卖热汤/麻辣烫/火锅/餐饮连锁,B 先实地看包装或电话问外卖比例,Malaysia,MED,[INFERRED] 现有名单将其归为热汤/火锅/餐饮外卖方向；需核实门店数量、外卖热汤比例和是否中央采购。,单向止回阀热汤盖/碗；PP热汤外卖容器；防爆盖防漏方案。,如果他们有大量热汤外卖，产品痛点比普通餐盒强很多。,堂食为主或冷链半成品配送则不适合热汤阀。,先点外卖/去门店看现用容器，再电话找运营/采购负责人。,https://www.sunthaifood.co/aboutus,,,,https://www.sunthaifood.co/aboutus
2026-07-14 to 2026-07-23,P0 offsite priority batch2,Alpha Pets,T0/T1,宠物食品/用品/冻干/营养品,B 先社媒/WhatsApp验证销量和包装权,Malaysia / online,MED,[INFERRED] 现有名单将其归为宠物食品/冻干/营养品方向；需进一步核实是否为自有品牌、是否有冻干/零食/营养补充剂SKU。,F PET小罐；T/J小桶；宠物冻干、营养补充剂、洁齿零食、礼盒组合。,宠物零食/营养品可走高毛利小罐和桶装，和你客户“小白牙”案例逻辑一致。,若只是零售店或代理进口品牌，包装采购权弱；若主销袋装主粮，也不优先。,先找 Instagram/Facebook/Shopee/Lazada 热卖SKU，确认是否自有品牌和是否有采购/品牌负责人。,https://www.alphapets.com.my/,,,,https://www.alphapets.com.my/
2026-07-14 to 2026-07-23,P0 offsite priority batch2,Doggology,T0/T1,宠物食品/用品/冻干/营养品,B 先社媒/WhatsApp验证销量和包装权,Malaysia / online,MED,[INFERRED] 现有名单将其归为宠物食品/冻干/营养品方向；需进一步核实是否为自有品牌、是否有冻干/零食/营养补充剂SKU。,F PET小罐；T/J小桶；宠物冻干、营养补充剂、洁齿零食、礼盒组合。,宠物零食/营养品可走高毛利小罐和桶装，和你客户“小白牙”案例逻辑一致。,若只是零售店或代理进口品牌，包装采购权弱；若主销袋装主粮，也不优先。,先找 Instagram/Facebook/Shopee/Lazada 热卖SKU，确认是否自有品牌和是否有采购/品牌负责人。,Instagram/Facebook via BURO,,,,Instagram/Facebook via BURO
2026-07-14 to 2026-07-23,P0 offsite priority batch2,Pawsitive Kin,T0/T1,宠物食品/用品/冻干/营养品,B 先社媒/WhatsApp验证销量和包装权,Malaysia / online,MED,[INFERRED] 现有名单将其归为宠物食品/冻干/营养品方向；需进一步核实是否为自有品牌、是否有冻干/零食/营养补充剂SKU。,F PET小罐；T/J小桶；宠物冻干、营养补充剂、洁齿零食、礼盒组合。,宠物零食/营养品可走高毛利小罐和桶装，和你客户“小白牙”案例逻辑一致。,若只是零售店或代理进口品牌，包装采购权弱；若主销袋装主粮，也不优先。,先找 Instagram/Facebook/Shopee/Lazada 热卖SKU，确认是否自有品牌和是否有采购/品牌负责人。,Instagram/Shopee via BURO,,,,Instagram/Shopee via BURO
2026-07-14 to 2026-07-23,P0 offsite priority batch2,Pet Universe Nourish,T0/T1,宠物食品/用品/冻干/营养品,B 先社媒/WhatsApp验证销量和包装权,Malaysia / online,MED,[INFERRED] 现有名单将其归为宠物食品/冻干/营养品方向；需进一步核实是否为自有品牌、是否有冻干/零食/营养补充剂SKU。,F PET小罐；T/J小桶；宠物冻干、营养补充剂、洁齿零食、礼盒组合。,宠物零食/营养品可走高毛利小罐和桶装，和你客户“小白牙”案例逻辑一致。,若只是零售店或代理进口品牌，包装采购权弱；若主销袋装主粮，也不优先。,先找 Instagram/Facebook/Shopee/Lazada 热卖SKU，确认是否自有品牌和是否有采购/品牌负责人。,https://nourish.petuniverse.com/,,,,https://nourish.petuniverse.com/
2026-07-14 to 2026-07-23,P0 offsite priority batch2,Signature Market Two Tails,T0/T1,宠物食品/用品/冻干/营养品,B 先社媒/WhatsApp验证销量和包装权,Malaysia / online,MED,[INFERRED] 现有名单将其归为宠物食品/冻干/营养品方向；需进一步核实是否为自有品牌、是否有冻干/零食/营养补充剂SKU。,F PET小罐；T/J小桶；宠物冻干、营养补充剂、洁齿零食、礼盒组合。,宠物零食/营养品可走高毛利小罐和桶装，和你客户“小白牙”案例逻辑一致。,若只是零售店或代理进口品牌，包装采购权弱；若主销袋装主粮，也不优先。,先找 Instagram/Facebook/Shopee/Lazada 热卖SKU，确认是否自有品牌和是否有采购/品牌负责人。,https://www.signaturemarket.co/my/marketplace/snack/all/2/66/Pet_Treats.html,,,,https://www.signaturemarket.co/my/marketplace/snack/all/2/66/Pet_Treats.html
2026-07-14 to 2026-07-23,P0 offsite priority batch2,SUPAW Food,T0/T1,宠物食品/用品/冻干/营养品,B 先社媒/WhatsApp验证销量和包装权,Malaysia / online,MED,[INFERRED] 现有名单将其归为宠物食品/冻干/营养品方向；需进一步核实是否为自有品牌、是否有冻干/零食/营养补充剂SKU。,F PET小罐；T/J小桶；宠物冻干、营养补充剂、洁齿零食、礼盒组合。,宠物零食/营养品可走高毛利小罐和桶装，和你客户“小白牙”案例逻辑一致。,若只是零售店或代理进口品牌，包装采购权弱；若主销袋装主粮，也不优先。,先找 Instagram/Facebook/Shopee/Lazada 热卖SKU，确认是否自有品牌和是否有采购/品牌负责人。,https://supawfood.my/,,,,https://supawfood.my/
2026-07-14 to 2026-07-23,P0 offsite priority batch2,NIMS,T0/T1,巧克力/糖果/甜品制造,B 先电话找包装/销售负责人,Malaysia,MED,[INFERRED] 现有名单归为巧克力/糖果/甜品制造；需核实是否有零售装、礼盒、出口或OEM业务。,E PET透明盒；F PET罐；T/J小桶盒；巧克力/糖果礼盒和样品装。,巧克力糖果适合透明展示、礼盒和样品罐，但工业原料厂要谨慎。,若是工业原料或软包糖果，注塑包装只能切样品/礼盒。,电话问是否有 retail pack、corporate gift、OEM/private label 包装项目。,,,,,To verify official website
